{"Bots":{"1":["AsPass","rezabr","mak13","Rodaki","rasoul22","pouya7","dolt1","Divar","pidaceufeizu","Nostradamus","Faram","amirbe1","Arvin261","micr0o0","wolf","Tesela","Saaeed","MickeyMouse","Weekend","billionaire","Divooneh","Setayesh83","Shasha","Zirakk1367","Ehsani760","Abi111","Elsa","Ehsanchmpali","Novafact","Moghol","Arsf","Qamir","djdavoud","Danabole","escap","KactoOs","Ra3tin","azizii","drnazi","Scoob","Abdi85","donya9087","khak","Beebert","farzaneh65","Morgana","Amirasadpoor","MiniNova","jibax","OBERON","amiralizadeh","Thor","jacklol","JerryMouse","Percival","ABNER","bilbo","corona24","sabos","alirahim","Yata","rozbeh65","DaffyDuck","Vader","Yakuza","shamim","tabl","PokerHL","Firik","Godbazi","Qazi","BABAVOSS","Hamidreza50","Amirhosseeei","Zofi20","coce","Arviiinbhzd","gandalf","Mahmood22","Mohamed5067","Cap","Daroogh","TomCat","Hulk","frodo","Parham134","ShaggyRogers","Merit","kandal","Behshad4562","BarBari","AntoniE","tiger1985","manuel","Negahban","BBC","ProfessoR","jonsnow","armyy","Zidan","aragorn","Leia","Mikhoramet","garban","Erfannsiros","BadTrip","Spiday","Freemason","Zhila572","Bodyguard","ahmati","prsa2251","Doctor","ScoobyDoo","Arigo","deadpooll","kish","Hero","Flash","Blasting","saeeed","abdiaa","JamieW","BugsBunny","Ehras13","Arayoaoo","Daridedam","Ghebresi","Ali1313","Wenzi","Indy","Maral","HangOver","gollum","Bart","Yoda","Aliabdolmale","solo30","Amirnd1147","ReneDecartes","Fireboy","Dogkiller12","behnamaa","Covide98","Farshid69","persian","Akbaram","Bugs","Rmo","Beshi9064","Behnama","Dembeleee","bhees","Zeusthelord","Ebi021","Behshad55","faranak","Bahramkk","Daffy","BAloN","RaNnGo","King","sirna","Jaha3","Chaghii","BadBeats","alireza35","key3","lupin","KhiAr","aex","aasiii","Darooghee","seft","emily","sirius","Ehel","alitajik","antonio76","Pink","NeverHood","Dasti8","Alifarazin","Roya007","amb666","Akbir","wecannnn","hadisa","aramsh","Serusha","behara","Heal","007","harrypotter","NEGAN","Daawaarra","Nafas75","Kaalisi","Stop","Almassi","Divine","AoRuS","damon85","legolas","Hitler","dobby","Bulldozer","easypisy","Kharabkar","maniRs","MANTRA"]},"Hours":{"0":{"Logins":{"max":0,"min":0},"Tables":{"02 OM5 3K-6K (8)":{"players":["130","150"],"min":"5","list":"1","count":6},"02 OM5 5K-5K (6)":{"count":0,"list":"1","min":"3","players":["15","35"]},"03 OM5 5K-10K (8)":{"players":["150","170"],"min":"5","list":"1","count":4},"04 OM5 10K-10K (8)":{"count":5,"list":"1","max":4,"min":3,"players":[1,25]},"06 OM5 20K-40K (8)":{"count":3,"list":"1","min":"4","players":["50","60"]},"07 OM5 25K-50K (8)":{"count":0,"list":"1","min":"4","players":["70","80"]},"08 OM5 50K-100K (8) - VIP":{"players":["70","110"],"min":"6","list":"1","count":0},"09 OM5 100K-200K (8) - VIP":{"players":["140","200"],"min":"4","list":"1","count":5},"04 OM 10K-20K (8)":{"players":["100","200"],"min":"6","list":"1","count":3},"07 OM5 25K-25K (6)":{"players":["50","100"],"min":"6","list":"1","count":0},"09 OM5 100K-100K (8) - VIP":{"players":["1","50"],"min":"6","list":"1","count":5},"02 OM 3K-6K (6)":{"players":["1","50"],"min":"6","list":"1","count":6},"08 OM 50K-50K (7) - VIP":{"players":["40","80"],"min":"6","list":"1","count":3}}},"1":{"Logins":{"max":0,"min":0},"Tables":{"02 OM5 3K-6K (8)":{"count":3,"list":"1","min":"4","players":["10","20"]},"02 OM5 5K-5K (6)":{"count":3,"list":"1","min":"3","players":["15","35"]},"03 OM5 5K-10K (8)":{"players":["150","170"],"min":"5","list":"1","count":0},"04 OM5 10K-20K (8)":{"list":"1","min":"4","players":["30","40"]},"05 OM5 15K-30K (8)":{"count":0,"list":"1","min":"4","players":["40","50"]},"06 OM5 20K-20K (8)":{"count":0,"list":"1","min":"4","players":["130","140"]},"08 OM5 50K-100K (8) - VIP":{"players":["70","110"],"min":"6","list":"1","count":0},"09 OM5 100K-200K (8) - VIP":{"players":["140","200"],"min":"4","list":"1","count":2},"04 OM 10K-20K (8)":{"players":["100","200"],"min":"6","list":"1","count":2},"07 OM5 25K-25K (6)":{"players":["50","100"],"min":"6","list":"1","count":0},"09 OM5 100K-100K (8) - VIP":{"players":["1","50"],"min":"6","list":"1","count":8},"02 OM 3K-6K (6)":{"players":["1","50"],"min":"6","list":"1","count":2},"08 OM 50K-50K (7) - VIP":{"players":["40","80"],"min":"6","list":"1","count":4}}},"2":{"Logins":{"max":0,"min":0},"Tables":{"02 OM5 3K-6K (8)":{"count":3,"list":"1","min":"4","players":["10","20"]},"02 OM5 5K-5K (6)":{"count":0,"list":"1","min":"3","players":["15","35"]},"03 OM5 5K-10K (8)":{"players":["150","170"],"min":"5","list":"1","count":0},"04 OM5 10K-20K (8)":{"list":"1","min":"4","players":["30","40"]},"05 OM5 15K-30K (8)":{"count":4,"list":"1","min":"4","players":["40","50"]},"06 OM5 20K-40K (8)":{"count":4,"list":"1","min":"4","players":["50","60"]},"07 OM5 25K-25K (8)":{"count":0,"list":"1","min":"4","players":["60","70"]},"08 OM5 50K-100K (8) - VIP":{"players":["70","110"],"min":"6","list":"1","count":0},"09 OM5 100K-200K (8) - VIP":{"players":["140","200"],"min":"4","list":"1","count":4},"04 OM 10K-20K (8)":{"players":["100","200"],"min":"6","list":"1","count":4},"07 OM5 25K-25K (6)":{"players":["50","100"],"min":"6","list":"1","count":0},"09 OM5 100K-100K (8) - VIP":{"players":["1","50"],"min":"6","list":"1","count":0},"02 OM 3K-6K (6)":{"players":["1","50"],"min":"6","list":"1","count":3},"08 OM 50K-50K (7) - VIP":{"players":["40","80"],"min":"6","list":"1","count":6}}},"3":{"Logins":{"max":0,"min":0},"Tables":{"02 OM5 3K-6K (8)":{"count":3,"list":"1","min":"4","players":["10","20"]},"03 OM5 5K-10K (8)":{"players":["150","170"],"min":"5","list":"1","count":7},"07 OM5 25K-50K (8)":{"count":2,"list":"1","max":3,"min":3,"players":[20,60]},"08 OM5 50K-50K (6)":{"count":2,"list":"1","max":4,"min":3,"players":[20,70]},"08 OM5 50K-100K (8) - VIP":{"players":["100","130"],"min":"5","list":"1","count":7},"04 OM 10K-20K (8)":{"players":["100","200"],"min":"6","list":"1","count":3},"07 OM5 25K-25K (6)":{"players":["50","100"],"min":"6","list":"1","count":0},"09 OM5 100K-100K (8) - VIP":{"players":["1","50"],"min":"6","list":"1","count":4},"02 OM 3K-6K (6)":{"players":["1","50"],"min":"6","list":"1","count":4},"08 OM 50K-50K (7) - VIP":{"players":["40","80"],"min":"6","list":"1","count":0}}},"4":{"Logins":{"max":0,"min":0},"Tables":{"02 OM5 3K-6K (8)":{"count":0,"list":"1","min":"4","players":["10","20"]},"02 OM5 5K-5K (6)":{"count":2,"list":"1","min":"3","players":["15","35"]},"03 OM5 10K-20K (6)":{"count":2,"list":"1","max":4,"min":3,"players":[10,40]},"03 OM5 5K-10K (8)":{"players":["150","170"],"min":"5","list":"1","count":0},"04 OM5 10K-10K (8)":{"count":2,"list":"1","max":4,"min":3,"players":[5,35]},"05 OM5 15K-15K (6)":{"count":6,"list":"1","min":"4","players":["25","60"]},"07 OM5 25K-25K (8)":{"count":2,"list":"1","min":"4","players":["120","130"]},"08 OM5 50K-100K (8) - VIP":{"players":["100","130"],"min":"5","list":"1","count":0},"04 OM 10K-20K (8)":{"players":["100","200"],"min":"6","list":"1","count":4},"07 OM5 25K-25K (6)":{"players":["50","100"],"min":"6","list":"1","count":0},"09 OM5 100K-100K (8) - VIP":{"players":["1","50"],"min":"6","list":"1","count":4},"02 OM 3K-6K (6)":{"players":["1","50"],"min":"6","list":"1","count":6},"08 OM 50K-50K (7) - VIP":{"players":["40","80"],"min":"6","list":"1","count":6}}},"5":{"Logins":{"max":0,"min":0},"Tables":{"02 OM5 3K-6K (8)":{"count":1,"list":"1","min":"4","players":["10","20"]},"03 OM5 5K-10K (8)":{"count":4,"list":"1","min":"4","players":["20","30"]},"05 OM5 15K-15K (6)":{"count":3,"list":"1","min":"4","players":["25","60"]},"07 OM5 25K-25K (6)":{"players":["50","100"],"min":"6","list":"1","count":0},"09 OM5 100K-100K (8) - VIP":{"players":["1","50"],"min":"6","list":"1","count":5},"02 OM 3K-6K (6)":{"players":["1","50"],"min":"6","list":"1","count":5},"08 OM 50K-50K (7) - VIP":{"players":["40","80"],"min":"6","list":"1","count":2}}},"6":{"Logins":{"max":0,"min":0},"Tables":{"02 OM5 3K-6K (8)":{"count":3,"list":"1","min":"4","players":["10","20"]},"02 OM5 5K-5K (6)":{"count":0,"list":"1","min":"3","players":["15","35"]},"03 OM5 5K-10K (8)":{"count":6,"list":"1","min":"4","players":["20","30"]},"03 OM5 5K-5K (6)":{"count":2,"list":"1","min":"5","players":["1","19"]},"07 OM5 25K-25K (6)":{"players":["50","100"],"min":"6","list":"1","count":0},"02 OM 3K-6K (6)":{"players":["1","50"],"min":"6","list":"1","count":0}}},"7":{"Logins":{"max":0,"min":0},"Tables":{"02 OM5 3K-6K (8)":{"count":4,"list":"1","min":"4","players":["10","20"]},"03 OM5 5K-10K (8)":{"players":["150","170"],"min":"5","list":"1","count":0},"07 OM5 25K-50K (8)":{"count":0,"list":"1","min":"5","players":["1","55"]},"08 OM5 50K-100K (8) - VIP":{"players":["70","110"],"min":"6","list":"1","count":0},"08 OM5 50K-50K (7) - VIP":{"players":["70","110"],"min":"6","list":"1","count":0},"07 OM5 25K-25K (8)":{"players":["100","140"],"min":"6","list":"1","count":0},"07 OM5 25K-25K (6)":{"players":["50","100"],"min":"6","list":"1","count":0},"02 OM 3K-6K (6)":{"players":["1","50"],"min":"6","list":"1","count":2}}},"8":{"Logins":{"max":0,"min":0},"Tables":{"02 OM5 3K-6K (8)":{"count":0,"list":"1","min":"4","players":["10","20"]},"03 OM5 5K-10K (8)":{"players":["150","170"],"min":"5","list":"1","count":0},"05 OM5 15K-30K (8)":{"count":0,"list":"1","min":"4","players":["25","60"]},"06 OM5 20K-40K (8)":{"count":0,"list":"1","min":"4","players":["50","60"]},"08 OM5 50K-100K (8) - VIP":{"players":["100","130"],"min":"5","list":"1","count":0},"08 OM5 50K-50K (7) - VIP":{"players":["70","110"],"min":"6","list":"1","count":0},"07 OM5 25K-25K (8)":{"players":["100","140"],"min":"6","list":"1","count":0},"04 OM 10K-20K (8)":{"players":["100","200"],"min":"6","list":"1","count":0},"07 OM5 25K-25K (6)":{"players":["50","100"],"min":"6","list":"1","count":0},"02 OM 3K-6K (6)":{"players":["1","50"],"min":"6","list":"1","count":4}}},"9":{"Logins":{"max":0,"min":0},"Tables":{"02 OM5 3K-6K (8)":{"count":4,"list":"1","min":"4","players":["10","20"]},"03 OM5 5K-10K (8)":{"players":["150","170"],"min":"5","list":"1","count":0},"08 OM5 50K-50K (7) - VIP":{"players":["70","110"],"min":"6","list":"1","count":0},"08 OM5 50K-100K (8) - VIP":{"players":["100","130"],"min":"5","list":"1","count":0},"07 OM5 25K-25K (8)":{"players":["100","140"],"min":"6","list":"1","count":8},"04 OM 10K-20K (8)":{"players":["100","200"],"min":"6","list":"1","count":0},"07 OM5 25K-25K (6)":{"players":["50","100"],"min":"6","list":"1","count":0},"09 OM5 100K-100K (8) - VIP":{"players":["1","50"],"min":"6","list":"1","count":0},"02 OM 3K-6K (6)":{"players":["1","50"],"min":"6","list":"1","count":4}}},"10":{"Logins":{"max":0,"min":0},"Tables":{"02 OM5 3K-6K (8)":{"count":2,"list":"1","min":"4","players":["10","20"]},"03 OM5 5K-10K (8)":{"count":5,"list":"1","min":"4","players":["20","30"]},"05 OM5 15K-30K (8)":{"count":3,"list":"1","min":"4","players":["40","50"]},"07 OM5 25K-50K (8)":{"count":0,"list":"1","min":"4","players":["60","70"]},"08 OM5 50K-100K (8) - VIP":{"players":["100","130"],"min":"5","list":"1","count":4},"08 OM5 50K-50K (7) - VIP":{"players":["70","110"],"min":"6","list":"1","count":0},"07 OM5 25K-25K (8)":{"players":["100","140"],"min":"6","list":"1","count":3},"04 OM 10K-20K (8)":{"players":["100","200"],"min":"6","list":"1","count":0},"07 OM5 25K-25K (6)":{"players":["50","100"],"min":"6","list":"1","count":0},"09 OM5 100K-100K (8) - VIP":{"players":["1","50"],"min":"6","list":"1","count":1},"02 OM 3K-6K (6)":{"players":["1","50"],"min":"6","list":"1","count":6},"08 OM 50K-50K (7) - VIP":{"players":["40","80"],"min":"6","list":"1","count":0}}},"11":{"Logins":{"max":0,"min":0},"Tables":{"02 OM5 3K-6K (8)":{"count":1,"list":"1","min":"4","players":["10","20"]},"03 OM5 5K-10K (8)":{"count":2,"list":"1","min":"4","players":["20","30"]},"04 OM5 10K-10K (8)":{"count":0,"list":"1","max":4,"min":4,"players":[5,35]},"07 OM5 25K-50K (8)":{"count":1,"list":"1","min":"4","players":["60","70"]},"08 OM5 50K-100K (8) - VIP":{"players":["100","130"],"min":"5","list":"1","count":3},"08 OM5 50K-50K (7) - VIP":{"players":["70","110"],"min":"6","list":"1","count":0},"07 OM5 25K-25K (8)":{"players":["100","140"],"min":"6","list":"1","count":5},"04 OM 10K-20K (8)":{"players":["100","200"],"min":"6","list":"1","count":8},"07 OM5 25K-25K (6)":{"players":["50","100"],"min":"6","list":"1","count":0},"09 OM5 100K-100K (8) - VIP":{"players":["1","50"],"min":"6","list":"1","count":0},"02 OM 3K-6K (6)":{"players":["1","50"],"min":"6","list":"1","count":4},"08 OM 50K-50K (7) - VIP":{"players":["40","80"],"min":"6","list":"1","count":1}}},"12":{"Logins":{"max":0,"min":0},"Tables":{"02 OM5 3K-6K (8)":{"players":["130","150"],"min":"5","list":"1","count":4},"03 OM5 5K-10K (8)":{"players":["150","170"],"min":"5","list":"1","count":0},"04 OM5 10K-10K (8)":{"count":0,"list":"1","max":4,"min":6,"players":[5,30]},"06 OM5 20K-40K (8)":{"count":0,"list":"1","min":"4","players":["50","60"]},"07 OM5 25K-50K (8)":{"count":0,"list":"1","min":"4","players":["60","70"]},"08 OM5 50K-100K (8) - VIP":{"players":["100","130"],"min":"5","list":"1","count":0},"08 OM5 50K-50K (7) - VIP":{"players":["70","110"],"min":"6","list":"1","count":0},"07 OM5 25K-25K (8)":{"players":["100","140"],"min":"6","list":"1","count":0},"04 OM 10K-20K (8)":{"players":["100","200"],"min":"6","list":"1","count":3},"07 OM5 25K-25K (6)":{"players":["50","100"],"min":"6","list":"1","count":0},"09 OM5 100K-100K (8) - VIP":{"players":["1","50"],"min":"6","list":"1","count":0},"02 OM 3K-6K (6)":{"players":["1","50"],"min":"6","list":"1","count":1},"08 OM 50K-50K (7) - VIP":{"players":["40","80"],"min":"6","list":"1","count":0}}},"13":{"Logins":{"max":0,"min":0},"Tables":{"03 OM5 5K-10K (8)":{"players":["150","170"],"min":"5","list":"1","count":0},"04 OM5 10K-10K (8)":{"count":0,"list":"1","max":4,"min":3,"players":[5,35]},"05 OM5 15K-30K (8)":{"count":0,"list":"1","min":"4","players":["40","50"]},"07 OM5 25K-50K (8)":{"count":0,"list":"1","min":"4","players":["60","70"]},"08 OM5 50K-100K (8) - VIP":{"players":["100","130"],"min":"5","list":"1","count":0},"02 OM5 3K-6K (8)":{"players":["130","150"],"min":"5","list":"1","count":0},"02 OM5 5K-5K (6)":{"players":["45","70"],"min":"5","list":"1","count":0},"08 OM5 50K-50K (7) - VIP":{"players":["70","110"],"min":"6","list":"1","count":0},"07 OM5 25K-25K (8)":{"players":["100","140"],"min":"6","list":"1","count":0},"04 OM 10K-20K (8)":{"players":["100","200"],"min":"6","list":"1","count":0},"07 OM5 25K-25K (6)":{"players":["50","100"],"min":"6","list":"1","count":0},"09 OM5 100K-100K (8) - VIP":{"players":["1","50"],"min":"6","list":"1","count":0},"02 OM 3K-6K (6)":{"players":["1","50"],"min":"6","list":"1","count":0},"08 OM 50K-50K (7) - VIP":{"players":["40","80"],"min":"6","list":"1","count":0}}},"14":{"Logins":{"max":0,"min":0},"Tables":{"02 OM5 3K-6K (8)":{"players":["130","150"],"min":"5","list":"1","count":5},"02 OM5 5K-5K (6)":{"count":0,"list":"1","min":"3","players":["15","35"]},"03 OM5 5K-10K (8)":{"players":["150","170"],"min":"5","list":"1","count":4},"05 OM5 15K-30K (8)":{"count":2,"list":"1","min":"4","players":["40","50"]},"08 OM5 50K-100K (8) - VIP":{"players":["70","110"],"min":"6","list":"1","count":0},"08 OM5 50K-50K (7) - VIP":{"players":["70","110"],"min":"6","list":"1","count":0},"07 OM5 25K-25K (8)":{"players":["100","140"],"min":"6","list":"1","count":4},"04 OM 10K-20K (8)":{"players":["100","200"],"min":"6","list":"1","count":4},"07 OM5 25K-25K (6)":{"players":["50","100"],"min":"6","list":"1","count":0},"09 OM5 100K-100K (8) - VIP":{"players":["1","50"],"min":"6","list":"1","count":6},"02 OM 3K-6K (6)":{"players":["1","50"],"min":"6","list":"1","count":5},"08 OM 50K-50K (7) - VIP":{"players":["40","80"],"min":"6","list":"1","count":3}}},"15":{"Logins":{"max":0,"min":0},"Tables":{"03 OM5 5K-10K (8)":{"players":["150","170"],"min":"5","list":"1","count":0},"02 OM5 3K-6K (8)":{"players":["130","150"],"min":"5","list":"1","count":5},"03 OM5 5K-5K (6)":{"players":["15","30"],"min":"5","list":"1","count":4},"05 OM5 15K-15K (6)":{"players":["1","20"],"min":"7","list":"1","count":3},"06 OM5 20K-40K (8)":{"players":["20","40"],"min":"7","list":"1","count":5},"07 OM5 25K-50K (8)":{"players":["40","60"],"min":"6","list":"1","count":4},"08 OM5 50K-50K (6)":{"players":["50","70"],"min":"3","list":"1","count":2},"08 OM5 50K-100K (8) - VIP":{"players":["70","110"],"min":"6","list":"1","count":0},"08 OM5 50K-50K (7) - VIP":{"players":["70","110"],"min":"6","list":"1","count":0},"07 OM5 25K-25K (8)":{"players":["100","140"],"min":"6","list":"1","count":6},"04 OM 10K-20K (8)":{"players":["100","200"],"min":"6","list":"1","count":4},"07 OM5 25K-25K (6)":{"players":["50","100"],"min":"6","list":"1","count":0},"09 OM5 100K-100K (8) - VIP":{"players":["1","50"],"min":"6","list":"1","count":4},"02 OM 3K-6K (6)":{"players":["1","50"],"min":"6","list":"1","count":2},"08 OM 50K-50K (7) - VIP":{"players":["40","80"],"min":"6","list":"1","count":6}}},"16":{"Logins":{"max":0,"min":0},"Tables":{"02 OM5 3K-6K (8)":{"players":["130","150"],"min":"5","list":"1","count":6},"03 OM5 5K-10K (8)":{"players":["150","170"],"min":"5","list":"1","count":2},"03 OM5 5K-5K (6)":{"players":["10","30"],"min":"5","list":"1","count":4},"04 OM5 10K-10K (8)":{"players":["10","30"],"min":"5","list":"1","count":4},"05 OM5 15K-30K (8)":{"players":["40","50"],"min":"5","list":"1","count":3},"07 OM5 25K-50K (8)":{"players":["60","85"],"min":"3","list":"1","count":3},"08 OM5 50K-100K (8) - VIP":{"players":["70","110"],"min":"6","list":"1","count":0},"08 OM5 50K-50K (7) - VIP":{"players":["70","110"],"min":"6","list":"1","count":0},"07 OM5 25K-25K (8)":{"players":["100","140"],"min":"6","list":"1","count":5},"04 OM 10K-20K (8)":{"players":["100","200"],"min":"6","list":"1","count":5},"07 OM5 25K-25K (6)":{"players":["50","100"],"min":"6","list":"1","count":0},"09 OM5 100K-100K (8) - VIP":{"players":["1","50"],"min":"6","list":"1","count":5},"02 OM 3K-6K (6)":{"players":["1","50"],"min":"6","list":"1","count":3},"08 OM 50K-50K (7) - VIP":{"players":["40","80"],"min":"6","list":"1","count":3}}},"17":{"Logins":{"max":0,"min":0},"Tables":{"03 OM5 5K-10K (8)":{"players":["150","170"],"min":"5","list":"1","count":4},"04 OM5 10K-10K (8)":{"count":3,"list":"1","min":"4","players":["40","50"]},"05 OM5 15K-30K (8)":{"count":5,"list":"1","min":"4","players":["60","70"]},"06 OM5 20K-20K (8)":{"count":4,"list":"1","min":"4","players":["70","80"]},"07 OM5 25K-50K (8)":{"count":0,"list":"1","min":"4","players":["90","100"]},"08 OM5 50K-50K (7) - VIP":{"players":["70","110"],"min":"6","list":"1","count":0},"02 OM5 3K-6K (8)":{"players":["130","150"],"min":"5","list":"1","count":4},"08 OM5 50K-100K (8) - VIP":{"players":["70","110"],"min":"6","list":"1","count":0},"07 OM5 25K-25K (8)":{"players":["100","140"],"min":"6","list":"1","count":6},"04 OM 10K-20K (8)":{"players":["100","200"],"min":"6","list":"1","count":3},"07 OM5 25K-25K (6)":{"players":["50","100"],"min":"6","list":"1","count":0},"09 OM5 100K-100K (8) - VIP":{"players":["1","50"],"min":"6","list":"1","count":6},"02 OM 3K-6K (6)":{"players":["1","50"],"min":"6","list":"1","count":5},"08 OM 50K-50K (7) - VIP":{"players":["40","80"],"min":"6","list":"1","count":6}}},"18":{"Logins":{"max":0,"min":0},"Tables":{"02 OM5 3K-6K (8)":{"players":["130","150"],"min":"5","list":"1","count":2},"02 OM5 5K-5K (6)":{"count":0,"list":"1","min":"4","players":["20","30"]},"03 OM5 5K-10K (8)":{"players":["150","170"],"min":"5","list":"1","count":2},"05 OM5 15K-30K (8)":{"count":3,"list":"1","min":"4","players":["50","60"]},"06 OM5 20K-40K (8)":{"count":2,"list":"1","min":"4","players":["60","70"]},"08 OM5 50K-50K (6)":{"count":4,"list":"1","min":"6","players":["180","200"]},"08 OM5 50K-100K (8) - VIP":{"players":["70","110"],"min":"6","list":"1","count":0},"08 OM5 50K-50K (7) - VIP":{"players":["70","110"],"min":"6","list":"1","count":0},"07 OM5 25K-25K (8)":{"players":["100","140"],"min":"6","list":"1","count":5},"04 OM 10K-20K (8)":{"players":["100","200"],"min":"6","list":"1","count":4},"07 OM5 25K-25K (6)":{"players":["50","100"],"min":"6","list":"1","count":0},"09 OM5 100K-100K (8) - VIP":{"players":["1","50"],"min":"6","list":"1","count":3},"02 OM 3K-6K (6)":{"players":["1","50"],"min":"6","list":"1","count":3},"08 OM 50K-50K (7) - VIP":{"players":["40","80"],"min":"6","list":"1","count":6}}},"19":{"Logins":{"max":0,"min":0},"Tables":{"02 OM5 3K-6K (8)":{"players":["130","150"],"min":"5","list":"1","count":0},"03 OM5 5K-10K (8)":{"players":["100","200"],"min":"7","list":"1","count":6},"05 OM5 15K-15K (8)":{"count":2,"list":"1","min":"4","players":["30","40"]},"06 OM5 20K-40K (8)":{"count":3,"list":"1","min":"4","players":["40","55"]},"07 OM5 25K-25K (8)":{"players":["100","140"],"min":"6","list":"1","count":3},"08 OM5 50K-100K (8) - VIP":{"players":["100","130"],"min":"5","list":"1","count":4},"08 OM5 50K-50K (8) - VIP":{"count":0,"list":"1","min":"4","players":["105","115"]},"07 OM5 25K-25K (6)":{"players":["50","100"],"min":"6","list":"1","count":0},"09 OM5 100K-100K (8) - VIP":{"players":["1","50"],"min":"6","list":"1","count":3},"02 OM 3K-6K (6)":{"players":["1","50"],"min":"6","list":"1","count":5},"08 OM 50K-50K (7) - VIP":{"players":["40","80"],"min":"6","list":"1","count":5}}},"20":{"Logins":{"max":0,"min":0},"Tables":{"02 OM5 3K-6K (8)":{"players":["130","150"],"min":"5","list":"1","count":2},"04 OM5 10K-10K (8)":{"count":3,"list":"1","min":"4","players":["30","40"]},"05 OM5 15K-30K (8)":{"count":3,"list":"1","min":"4","players":["50","60"]},"06 OM5 20K-40K (8)":{"count":0,"list":"1","min":"4","players":["60","70"]},"07 OM5 25K-50K (8)":{"count":3,"list":"1","min":"4","players":["80","90"]},"08 OM5 50K-100K (8) - VIP":{"count":0,"list":"1","min":"4","players":["90","105"]},"09 OM5 100K-100K (8) - VIP":{"players":["1","50"],"min":"6","list":"1","count":6},"03 OM5 5K-10K (8)":{"players":["100","200"],"min":"7","list":"1","count":6},"08 OM5 50K-50K (7) - VIP":{"players":["70","110"],"min":"6","list":"1","count":0},"07 OM5 25K-25K (8)":{"players":["100","140"],"min":"6","list":"1","count":5},"04 OM 10K-20K (8)":{"players":["100","200"],"min":"6","list":"1","count":3},"07 OM5 25K-25K (6)":{"players":["50","100"],"min":"6","list":"1","count":0},"02 OM 3K-6K (6)":{"players":["1","50"],"min":"6","list":"1","count":4},"08 OM 50K-50K (7) - VIP":{"players":["40","80"],"min":"6","list":"1","count":6}}},"21":{"Logins":{"max":0,"min":0},"Tables":{"03 OM5 5K-10K (8)":{"players":["100","200"],"min":"7","list":"1","count":6},"02 OM5 3K-6K (8)":{"players":["130","150"],"min":"5","list":"1","count":0},"03 OM5 10K-20K (6)":{"players":["160","190"],"min":"5","list":"1","count":4},"05 OM5 15K-15K (8)":{"players":["160","190"],"min":"6","list":"1","count":6},"07 OM5 25K-50K (8)":{"players":["140","180"],"min":"4","list":"1","count":4},"07 OM5 25K-25K (6)":{"players":["50","100"],"min":"6","list":"1","count":0},"08 OM5 50K-100K (8) - VIP":{"players":["70","110"],"min":"6","list":"1","count":0},"08 OM5 50K-50K (7) - VIP":{"players":["70","110"],"min":"6","list":"1","count":0},"07 OM5 25K-25K (8)":{"players":["100","140"],"min":"6","list":"1","count":5},"09 OM5 100K-200K (8) - VIP":{"players":["140","200"],"min":"4","list":"1","count":0},"09 OM5 100K-100K (8) - VIP":{"players":["1","50"],"min":"6","list":"1","count":6},"02 OM 3K-6K (6)":{"players":["1","50"],"min":"6","list":"1","count":5},"08 OM 50K-50K (7) - VIP":{"players":["40","80"],"min":"6","list":"1","count":5}}},"22":{"Logins":{"max":0,"min":0},"Tables":{"02 OM5 3K-6K (8)":{"players":["130","150"],"min":"5","list":"1","count":6},"03 OM5 5K-10K (8)":{"players":["150","170"],"min":"5","list":"1","count":3},"04 OM5 10K-10K (8)":{"count":3,"list":"1","min":"4","players":["30","40"]},"05 OM5 15K-15K (8)":{"count":3,"list":"1","min":"4","players":["50","60"]},"05 OM5 15K-30K (8)":{"count":4,"list":"1","min":"4","players":["60","70"]},"06 OM5 20K-40K (8)":{"count":2,"list":"1","min":"4","players":["70","80"]},"07 OM5 25K-25K (8)":{"players":["100","140"],"min":"6","list":"1","count":6},"08 OM5 50K-100K (8) - VIP":{"players":["70","110"],"min":"6","list":"1","count":0},"08 OM5 50K-50K (7) - VIP":{"players":["70","110"],"min":"6","list":"1","count":0},"09 OM5 100K-200K (8) - VIP":{"players":["140","200"],"min":"4","list":"1","count":1},"07 OM5 25K-25K (6)":{"players":["50","100"],"min":"6","list":"1","count":0},"09 OM5 100K-100K (8) - VIP":{"players":["1","50"],"min":"6","list":"1","count":5},"02 OM 3K-6K (6)":{"players":["1","50"],"min":"6","list":"1","count":5},"08 OM 50K-50K (7) - VIP":{"players":["40","80"],"min":"6","list":"1","count":7}}},"23":{"Logins":{"max":0,"min":0},"Tables":{"03 OM5 5K-10K (8)":{"players":["150","170"],"min":"5","list":"1","count":5},"04 OM5 10K-10K (8)":{"count":2,"list":"1","max":4,"min":3,"players":[1,25]},"05 OM5 15K-30K (8)":{"count":0,"list":"1","min":"4","players":["40","50"]},"06 OM5 20K-40K (8)":{"count":0,"list":"1","min":"4","players":["50","60"]},"07 OM5 25K-50K (8)":{"count":0,"list":"1","min":"4","players":["60","70"]},"02 OM5 3K-6K (8)":{"players":["130","150"],"min":"5","list":"1","count":4},"08 OM5 50K-100K (8) - VIP":{"players":["70","110"],"min":"6","list":"1","count":0},"08 OM5 50K-50K (7) - VIP":{"players":["70","110"],"min":"6","list":"1","count":0},"09 OM5 100K-200K (8) - VIP":{"players":["140","200"],"min":"4","list":"1","count":3},"04 OM 10K-20K (8)":{"players":["100","200"],"min":"6","list":"1","count":7},"07 OM5 25K-25K (6)":{"players":["50","100"],"min":"6","list":"1","count":0},"09 OM5 100K-100K (8) - VIP":{"players":["1","50"],"min":"6","list":"1","count":2},"02 OM 3K-6K (6)":{"players":["1","50"],"min":"6","list":"1","count":2},"08 OM 50K-50K (7) - VIP":{"players":["40","80"],"min":"6","list":"1","count":2}}},"24":{"Logins":{"max":0,"min":0},"Tables":{"04 OM5 10K-20K (8)":{"list":"1","max":4,"min":3,"players":[1,25]},"05 OM5 15K-15K (8)":{"list":"1","max":4,"min":3,"players":[1,20]},"05 OM5 15K-30K (8)":{"list":"1","max":4,"min":3,"players":[5,25]},"07 OM5 25K-50K (8)":{"list":"1","max":4,"min":3,"players":[20,40]},"08 OM5 50K-100K (8) - VIP":{"list":"1","max":4,"min":4,"players":[30,60]},"08 OM5 50K-50K (6)":{"list":"1","max":4,"min":3,"players":[20,70]},"09 OM5 100K-200K (8) - VIP":{"list":"1","max":4,"min":3,"players":[40,70]}}}},"Settings":{"checkTime":10,"durationTime":30,"maxHands":100,"maxTimes":60,"minHands":40,"minRebuys":2,"minTimes":30,"preRebuy":40,"rebuyDecide":90,"rebuyTime":[1,1],"runItTwice":50,"sitoutLeft":5,"sitoutPercent":95,"startButton":80,"waitToLeave":[4,6],"waitToLogout":[20,40],"waitToSeat":[1,4],"waitToSitout":[3,5]},"TourBots":[],"Tournaments":{}}