{"Bots":{"1":["donya9087","sirna","Dogkiller12","Zeusthelord","Leia","Yoda","pidaceufeizu","Qamir","Heal","Amirhosseeei","jacklol","MANTRA","Nostradamus","Akbaram","azizii","hadisa","Akbir","JerryMouse","Hero","legolas","key3","Bahramkk","kish","alireza35","gollum","frodo","wolf","BAloN","Zidan","Freemason","Zofi20","tabl","BadBeats","Firik","Beshi9064","Faram","Pink","shamim","billionaire","kandal","HangOver","garban","Alifarazin","manuel","amb666","solo30","AntoniE","Abdi85","rasoul22","KactoOs","ReneDecartes","amirbe1","Behshad55","prsa2251","lupin","JamieW","Kaalisi","Serusha","dolt1","Dembeleee","behnamaa","Thor","King","Divine","Almassi","Amirasadpoor","maniRs","dobby","Daroogh","Wenzi","Yata","sirius","Merit","Ra3tin","AoRuS","OBERON","Morgana","faranak","KhiAr","Aliabdolmale","DaffyDuck","coce","Daridedam","Kharabkar","tiger1985","emily","rozbeh65","aragorn","Darooghee","Ali1313","farzaneh65","Farshid69","amiralizadeh","Ehsanchmpali","Hamidreza50","Shasha","PokerHL","Danabole","BarBari","Ghebresi","Tesela","Roya007","BABAVOSS","Daawaarra","Bugs","MickeyMouse","alitajik","Qazi","seft","Divar","pouya7","behara","Arayoaoo","jibax","Zhila572","Bulldozer","Arigo","Moghol","MiniNova","Spiday","BBC","007","khak","Blasting","Mahmood22","Abi111","escap","bhees","Novafact","damon85","Negahban","sabos","Jaha3","Hitler","Mikhoramet","NeverHood","jonsnow","Saaeed","Godbazi","Vader","antonio76","Arviiinbhzd","Rodaki","BugsBunny","Nafas75","Behnama","corona24","aex","ABNER","Daffy","Arsf","Chaghii","Erfannsiros","Weekend","Behshad4562","Stop","NEGAN","ScoobyDoo","Cap","Divooneh","Amirnd1147","rezabr","ShaggyRogers","Bart","Maral","Bodyguard","Elsa","bilbo","Ehras13","Indy","aramsh","Beebert","aasiii","Fireboy","Parham134","persian","ProfessoR","ahmati","Arvin261","Doctor","easypisy","saeeed","Scoob","micr0o0","Ehsani760","TomCat","abdiaa","BadTrip","gandalf","AsPass","mak13","armyy","djdavoud","wecannnn","alirahim","harrypotter","Ehel","Hulk","Flash","Mohamed5067","Zirakk1367","drnazi","deadpooll","Ebi021","Dasti8","Rmo","Yakuza","RaNnGo","Percival","Covide98","Setayesh83"]},"Hours":{"0":{"Logins":{"max":0,"min":0},"Tables":{"02 OM5 3K-6K (8)":{"count":5,"list":"1","min":"4","players":["10","20"]},"02 OM5 5K-5K (6)":{"count":2,"list":"1","min":"3","players":["15","35"]},"03 OM5 5K-10K (8)":{"count":3,"list":"1","min":"4","players":["20","30"]},"04 OM5 10K-10K (8)":{"count":3,"list":"1","max":4,"min":3,"players":[1,25]},"04 OM5 10K-20K (8)":{"count":3,"list":"1","min":"4","players":["30","40"]},"06 OM5 20K-40K (8)":{"count":3,"list":"1","min":"4","players":["50","60"]},"07 OM5 25K-50K (8)":{"count":3,"list":"1","min":"4","players":["70","80"]},"02 OM5 3K-6K (8)":{"players":["130","150"],"min":"5","list":"1","count":3},"03 OM5 5K-10K (8)":{"players":["150","170"],"min":"5","list":"1","count":3},"08 OM5 50K-100K (8) - VIP":{"players":["70","110"],"min":"6","list":"1","count":0},"09 OM5 100K-200K (8) - VIP":{"players":["140","200"],"min":"4","list":"1","count":2},"04 OM 10K-20K (8)":{"players":["100","200"],"min":"6","list":"1"},"07 OM5 25K-25K (6)":{"players":["50","100"],"min":"6","list":"1"}}},"1":{"Logins":{"max":0,"min":0},"Tables":{"02 OM5 3K-6K (8)":{"count":2,"list":"1","min":"4","players":["10","20"]},"02 OM5 5K-5K (6)":{"count":0,"list":"1","min":"3","players":["15","35"]},"03 OM5 5K-10K (8)":{"count":2,"list":"1","min":"4","players":["20","30"]},"04 OM5 10K-20K (8)":{"count":2,"list":"1","min":"4","players":["30","40"]},"05 OM5 15K-30K (8)":{"count":2,"list":"1","min":"4","players":["40","50"]},"06 OM5 20K-20K (8)":{"count":2,"list":"1","min":"4","players":["130","140"]},"03 OM5 5K-10K (8)":{"players":["150","170"],"min":"5","list":"1","count":0},"08 OM5 50K-100K (8) - VIP":{"players":["70","110"],"min":"6","list":"1","count":0},"09 OM5 100K-200K (8) - VIP":{"players":["140","200"],"min":"4","list":"1","count":2},"04 OM 10K-20K (8)":{"players":["100","200"],"min":"6","list":"1"},"07 OM5 25K-25K (6)":{"players":["50","100"],"min":"6","list":"1"}}},"2":{"Logins":{"max":0,"min":0},"Tables":{"02 OM5 3K-6K (8)":{"count":2,"list":"1","min":"4","players":["10","20"]},"02 OM5 5K-5K (6)":{"count":3,"list":"1","min":"3","players":["15","35"]},"03 OM5 5K-10K (8)":{"count":0,"list":"1","min":"4","players":["20","30"]},"04 OM5 10K-20K (8)":{"count":3,"list":"1","min":"4","players":["30","40"]},"05 OM5 15K-30K (8)":{"count":3,"list":"1","min":"4","players":["40","50"]},"06 OM5 20K-40K (8)":{"count":2,"list":"1","min":"4","players":["50","60"]},"07 OM5 25K-25K (8)":{"count":2,"list":"1","min":"4","players":["60","70"]},"03 OM5 5K-10K (8)":{"players":["150","170"],"min":"5","list":"1","count":2},"08 OM5 50K-100K (8) - VIP":{"players":["70","110"],"min":"6","list":"1","count":0},"09 OM5 100K-200K (8) - VIP":{"players":["140","200"],"min":"4","list":"1","count":4},"04 OM 10K-20K (8)":{"players":["100","200"],"min":"6","list":"1"},"07 OM5 25K-25K (6)":{"players":["50","100"],"min":"6","list":"1"}}},"3":{"Logins":{"max":0,"min":0},"Tables":{"02 OM5 3K-6K (8)":{"count":3,"list":"1","min":"4","players":["10","20"]},"03 OM5 5K-10K (8)":{"count":4,"list":"1","min":"4","players":["20","30"]},"04 OM5 10K-20K (8)":{"count":4,"list":"1","min":"5","players":["1","66"]},"07 OM5 25K-50K (8)":{"count":3,"list":"1","max":3,"min":3,"players":[20,60]},"08 OM5 50K-100K (6)":{"count":0,"list":"1","min":"4","players":["25","60"]},"08 OM5 50K-50K (6)":{"count":0,"list":"1","max":4,"min":3,"players":[20,70]},"08 OM5 50K-100K (8) - VIP":{"players":["100","130"],"min":"5","list":"1","count":0},"03 OM5 5K-10K (8)":{"players":["150","170"],"min":"5","list":"1","count":3},"04 OM 10K-20K (8)":{"players":["100","200"],"min":"6","list":"1"},"07 OM5 25K-25K (6)":{"players":["50","100"],"min":"6","list":"1"}}},"4":{"Logins":{"max":0,"min":0},"Tables":{"02 OM5 3K-6K (8)":{"count":3,"list":"1","min":"4","players":["10","20"]},"02 OM5 5K-5K (6)":{"count":2,"list":"1","min":"3","players":["15","35"]},"03 OM5 10K-20K (6)":{"count":2,"list":"1","max":4,"min":3,"players":[10,40]},"03 OM5 5K-10K (8)":{"count":2,"list":"1","min":"4","players":["20","30"]},"04 OM5 10K-10K (8)":{"count":0,"list":"1","max":4,"min":3,"players":[5,35]},"05 OM5 15K-15K (6)":{"count":2,"list":"1","min":"4","players":["25","60"]},"07 OM5 25K-25K (8)":{"count":3,"list":"1","min":"4","players":["120","130"]},"08 OM5 50K-100K (8) - VIP":{"players":["100","130"],"min":"5","list":"1","count":4},"03 OM5 5K-10K (8)":{"players":["150","170"],"min":"5","list":"1","count":3},"04 OM 10K-20K (8)":{"players":["100","200"],"min":"6","list":"1"},"07 OM5 25K-25K (6)":{"players":["50","100"],"min":"6","list":"1"}}},"5":{"Logins":{"max":0,"min":0},"Tables":{"02 OM5 3K-6K (8)":{"count":3,"list":"1","min":"4","players":["10","20"]},"03 OM5 5K-10K (8)":{"count":0,"list":"1","min":"4","players":["20","30"]},"05 OM5 15K-15K (6)":{"count":3,"list":"1","min":"4","players":["25","60"]},"07 OM5 25K-25K (6)":{"players":["50","100"],"min":"6","list":"1"}}},"6":{"Logins":{"max":0,"min":0},"Tables":{"02 OM5 3K-6K (8)":{"count":2,"list":"1","min":"4","players":["10","20"]},"02 OM5 5K-5K (6)":{"count":2,"list":"1","min":"3","players":["15","35"]},"03 OM5 5K-10K (8)":{"count":3,"list":"1","min":"4","players":["20","30"]},"03 OM5 5K-5K (6)":{"count":4,"list":"1","min":"5","players":["1","19"]},"07 OM5 25K-25K (6)":{"players":["50","100"],"min":"6","list":"1"}}},"7":{"Logins":{"max":0,"min":0},"Tables":{"02 OM5 3K-6K (8)":{"count":2,"list":"1","min":"4","players":["10","20"]},"03 OM5 5K-10K (8)":{"count":3,"list":"1","min":"4","players":["20","30"]},"07 OM5 25K-50K (8)":{"count":2,"list":"1","min":"5","players":["1","55"]},"03 OM5 5K-10K (8)":{"players":["150","170"],"min":"5","list":"1","count":4},"08 OM5 50K-100K (8) - VIP":{"players":["70","110"],"min":"6","list":"1","count":0},"08 OM5 50K-50K (7) - VIP":{"players":["70","110"],"min":"6","list":"1","count":0},"07 OM5 25K-25K (8)":{"players":["100","140"],"min":"6","list":"1","count":4},"07 OM5 25K-25K (6)":{"players":["50","100"],"min":"6","list":"1"}}},"8":{"Logins":{"max":0,"min":0},"Tables":{"02 OM5 3K-6K (8)":{"count":4,"list":"1","min":"4","players":["10","20"]},"03 OM5 5K-10K (8)":{"count":3,"list":"1","min":"4","players":["20","30"]},"05 OM5 15K-30K (8)":{"count":3,"list":"1","min":"4","players":["25","60"]},"06 OM5 20K-40K (8)":{"count":3,"list":"1","min":"4","players":["50","60"]},"08 OM5 50K-100K (8) - VIP":{"players":["100","130"],"min":"5","list":"1","count":2},"03 OM5 5K-10K (8)":{"players":["150","170"],"min":"5","list":"1","count":2},"08 OM5 50K-50K (7) - VIP":{"players":["70","110"],"min":"6","list":"1","count":0},"07 OM5 25K-25K (8)":{"players":["100","140"],"min":"6","list":"1","count":6},"04 OM 10K-20K (8)":{"players":["100","200"],"min":"6","list":"1"},"07 OM5 25K-25K (6)":{"players":["50","100"],"min":"6","list":"1"}}},"9":{"Logins":{"max":0,"min":0},"Tables":{"02 OM5 3K-6K (8)":{"count":2,"list":"1","min":"4","players":["10","20"]},"03 OM5 5K-10K (8)":{"count":0,"list":"1","min":"4","players":["20","30"]},"04 OM5 10K-20K (8)":{"count":2,"list":"1","min":"4","players":["30","40"]},"08 OM5 50K-50K (7) - VIP":{"players":["70","110"],"min":"6","list":"1","count":0},"08 OM5 50K-100K (8) - VIP":{"players":["100","130"],"min":"5","list":"1","count":3},"03 OM5 5K-10K (8)":{"players":["150","170"],"min":"5","list":"1","count":3},"07 OM5 25K-25K (8)":{"players":["100","140"],"min":"6","list":"1","count":4},"04 OM 10K-20K (8)":{"players":["100","200"],"min":"6","list":"1"},"07 OM5 25K-25K (6)":{"players":["50","100"],"min":"6","list":"1"}}},"10":{"Logins":{"max":0,"min":0},"Tables":{"02 OM5 3K-6K (8)":{"count":3,"list":"1","min":"4","players":["10","20"]},"03 OM5 5K-10K (8)":{"players":["150","170"],"min":"5","list":"1","count":5},"03 OM5 5K-10K (8)":{"count":2,"list":"1","min":"4","players":["20","30"]},"04 OM5 10K-20K (8)":{"count":4,"list":"1","min":"4","players":["30","40"]},"05 OM5 15K-30K (8)":{"count":3,"list":"1","min":"4","players":["40","50"]},"07 OM5 25K-50K (8)":{"count":3,"list":"1","min":"4","players":["60","70"]},"08 OM5 50K-100K (8) - VIP":{"players":["100","130"],"min":"5","list":"1","count":3},"08 OM5 50K-50K (7) - VIP":{"players":["70","110"],"min":"6","list":"1","count":0},"07 OM5 25K-25K (8)":{"players":["100","140"],"min":"6","list":"1","count":4},"04 OM 10K-20K (8)":{"players":["100","200"],"min":"6","list":"1"},"07 OM5 25K-25K (6)":{"players":["50","100"],"min":"6","list":"1"}}},"11":{"Logins":{"max":0,"min":0},"Tables":{"02 OM5 3K-6K (8)":{"count":0,"list":"1","min":"4","players":["10","20"]},"03 OM5 5K-10K (8)":{"players":["150","170"],"min":"5","list":"1","count":4},"03 OM5 5K-10K (8)":{"count":2,"list":"1","min":"4","players":["20","30"]},"04 OM5 10K-10K (8)":{"count":2,"list":"1","max":4,"min":4,"players":[5,35]},"04 OM5 10K-20K (8)":{"count":2,"list":"1","min":"4","players":["30","40"]},"07 OM5 25K-50K (8)":{"count":4,"list":"1","min":"4","players":["60","70"]},"08 OM5 50K-100K (8) - VIP":{"players":["100","130"],"min":"5","list":"1","count":1},"08 OM5 50K-50K (7) - VIP":{"players":["70","110"],"min":"6","list":"1","count":0},"07 OM5 25K-25K (8)":{"players":["100","140"],"min":"6","list":"1","count":4},"04 OM 10K-20K (8)":{"players":["100","200"],"min":"6","list":"1","count":3},"07 OM5 25K-25K (6)":{"players":["50","100"],"min":"6","list":"1","count":0}}},"12":{"Logins":{"max":0,"min":0},"Tables":{"02 OM5 3K-6K (8)":{"count":2,"list":"1","min":"4","players":["10","20"]},"03 OM5 5K-10K (8)":{"count":4,"list":"1","min":"4","players":["20","30"]},"04 OM5 10K-10K (8)":{"count":7,"list":"1","max":4,"min":6,"players":[5,30]},"04 OM5 10K-20K (8)":{"count":2,"list":"1","min":"4","players":["30","40"]},"06 OM5 20K-40K (8)":{"count":6,"list":"1","min":"4","players":["50","60"]},"07 OM5 25K-50K (8)":{"count":2,"list":"1","min":"4","players":["60","70"]},"08 OM5 50K-100K (8) - VIP":{"players":["100","130"],"min":"5","list":"1","count":7},"02 OM5 3K-6K (8)":{"players":["130","150"],"min":"5","list":"1","count":0},"03 OM5 5K-10K (8)":{"players":["150","170"],"min":"5","list":"1","count":4},"08 OM5 50K-50K (7) - VIP":{"players":["70","110"],"min":"6","list":"1","count":0},"07 OM5 25K-25K (8)":{"players":["100","140"],"min":"6","list":"1","count":4},"04 OM 10K-20K (8)":{"players":["100","200"],"min":"6","list":"1","count":2},"07 OM5 25K-25K (6)":{"players":["50","100"],"min":"6","list":"1","count":0}}},"13":{"Logins":{"max":0,"min":0},"Tables":{"03 OM5 5K-10K (8)":{"count":2,"list":"1","min":"4","players":["20","30"]},"04 OM5 10K-10K (8)":{"count":4,"list":"1","max":4,"min":3,"players":[5,35]},"04 OM5 10K-20K (8)":{"count":3,"list":"1","min":"4","players":["30","40"]},"05 OM5 15K-30K (8)":{"count":0,"list":"1","min":"4","players":["40","50"]},"07 OM5 25K-50K (8)":{"count":4,"list":"1","min":"4","players":["60","70"]},"08 OM5 50K-100K (8) - VIP":{"players":["100","130"],"min":"5","list":"1","count":5},"02 OM5 3K-6K (8)":{"players":["45","60"],"min":"7","list":"1","count":8},"02 OM5 5K-5K (6)":{"players":["45","70"],"min":"5","list":"1","count":5},"02 OM5 3K-6K (8)":{"players":["130","150"],"min":"5","list":"1","count":5},"03 OM5 5K-10K (8)":{"players":["150","170"],"min":"5","list":"1","count":7},"08 OM5 50K-50K (7) - VIP":{"players":["70","110"],"min":"6","list":"1","count":0},"07 OM5 25K-25K (8)":{"players":["100","140"],"min":"6","list":"1","count":7},"04 OM 10K-20K (8)":{"players":["100","200"],"min":"6","list":"1","count":4},"07 OM5 25K-25K (6)":{"players":["50","100"],"min":"6","list":"1","count":0}}},"14":{"Logins":{"max":0,"min":0},"Tables":{"02 OM5 3K-6K (8)":{"count":3,"list":"1","min":"4","players":["10","20"]},"02 OM5 5K-5K (6)":{"count":3,"list":"1","min":"3","players":["15","35"]},"03 OM5 5K-10K (8)":{"count":1,"list":"1","min":"4","players":["20","30"]},"04 OM5 10K-20K (8)":{"count":3,"list":"1","min":"4","players":["30","40"]},"05 OM5 15K-30K (8)":{"count":4,"list":"1","min":"4","players":["40","50"]},"08 OM5 50K-100K (8) - VIP":{"players":["70","110"],"min":"6","list":"1","count":0},"02 OM5 3K-6K (8)":{"players":["130","150"],"min":"5","list":"1","count":4},"03 OM5 5K-10K (8)":{"players":["150","170"],"min":"5","list":"1","count":4},"08 OM5 50K-50K (7) - VIP":{"players":["70","110"],"min":"6","list":"1","count":0},"07 OM5 25K-25K (8)":{"players":["100","140"],"min":"6","list":"1","count":2},"04 OM 10K-20K (8)":{"players":["100","200"],"min":"6","list":"1","count":6},"07 OM5 25K-25K (6)":{"players":["50","100"],"min":"6","list":"1","count":0}}},"15":{"Logins":{"max":0,"min":0},"Tables":{"03 OM5 5K-10K (8)":{"players":["1","15"],"min":"7","list":"1","count":7},"02 OM5 3K-6K (8)":{"players":["20","35"],"min":"7","list":"1","count":0},"03 OM5 5K-5K (6)":{"players":["15","30"],"min":"5","list":"1","count":3},"04 OM5 10K-20K (8)":{"players":["1","20"],"min":"7","list":"1","count":5},"05 OM5 15K-15K (6)":{"players":["1","20"],"min":"7","list":"1","count":3},"06 OM5 20K-40K (8)":{"players":["20","40"],"min":"7","list":"1","count":6},"07 OM5 25K-50K (8)":{"players":["40","60"],"min":"6","list":"1","count":6},"08 OM5 50K-50K (6)":{"players":["50","70"],"min":"3","list":"1","count":2},"02 OM5 3K-6K (8)":{"players":["130","150"],"min":"5","list":"1","count":2},"03 OM5 5K-10K (8)":{"players":["150","170"],"min":"5","list":"1","count":4},"08 OM5 50K-100K (8) - VIP":{"players":["70","110"],"min":"6","list":"1","count":0},"08 OM5 50K-50K (7) - VIP":{"players":["70","110"],"min":"6","list":"1","count":0},"07 OM5 25K-25K (8)":{"players":["100","140"],"min":"6","list":"1","count":4},"04 OM 10K-20K (8)":{"players":["100","200"],"min":"6","list":"1","count":3},"07 OM5 25K-25K (6)":{"players":["50","100"],"min":"6","list":"1","count":0}}},"16":{"Logins":{"max":0,"min":0},"Tables":{"02 OM5 3K-6K (8)":{"players":["10","30"],"min":"7","list":"1","count":4},"03 OM5 5K-10K (8)":{"players":["10","30"],"min":"7","list":"1","count":4},"03 OM5 5K-5K (6)":{"players":["10","30"],"min":"5","list":"1","count":4},"04 OM5 10K-10K (8)":{"players":["10","30"],"min":"5","list":"1","count":5},"04 OM5 10K-20K (8)":{"players":["40","50"],"min":"5","list":"1","count":4},"05 OM5 15K-30K (8)":{"players":["40","50"],"min":"5","list":"1","count":3},"07 OM5 25K-50K (8)":{"players":["60","85"],"min":"3","list":"1","count":2},"02 OM5 3K-6K (8)":{"players":["130","150"],"min":"5","list":"1","count":4},"03 OM5 5K-10K (8)":{"players":["150","170"],"min":"5","list":"1","count":4},"08 OM5 50K-100K (8) - VIP":{"players":["70","110"],"min":"6","list":"1","count":0},"08 OM5 50K-50K (7) - VIP":{"players":["70","110"],"min":"6","list":"1","count":0},"07 OM5 25K-25K (8)":{"players":["100","140"],"min":"6","list":"1","count":5},"04 OM 10K-20K (8)":{"players":["100","200"],"min":"6","list":"1","count":3},"07 OM5 25K-25K (6)":{"players":["50","100"],"min":"6","list":"1","count":0}}},"17":{"Logins":{"max":0,"min":0},"Tables":{"03 OM5 5K-10K (8)":{"players":["180","195"],"min":"7","list":"1","count":3},"04 OM5 10K-10K (8)":{"count":3,"list":"1","min":"4","players":["40","50"]},"05 OM5 15K-30K (8)":{"count":3,"list":"1","min":"4","players":["60","70"]},"06 OM5 20K-20K (8)":{"count":4,"list":"1","min":"4","players":["70","80"]},"07 OM5 25K-50K (8)":{"count":0,"list":"1","min":"4","players":["90","100"]},"08 OM5 50K-50K (7) - VIP":{"players":["70","110"],"min":"6","list":"1","count":0},"02 OM5 3K-6K (8)":{"players":["190","200"],"min":"7","list":"1","count":6},"02 OM5 3K-6K (8)":{"players":["130","150"],"min":"5","list":"1","count":3},"03 OM5 5K-10K (8)":{"players":["150","170"],"min":"5","list":"1","count":4},"08 OM5 50K-100K (8) - VIP":{"players":["70","110"],"min":"6","list":"1","count":0},"07 OM5 25K-25K (8)":{"players":["100","140"],"min":"6","list":"1","count":3},"04 OM 10K-20K (8)":{"players":["100","200"],"min":"6","list":"1","count":6},"07 OM5 25K-25K (6)":{"players":["50","100"],"min":"6","list":"1","count":0}}},"18":{"Logins":{"max":0,"min":0},"Tables":{"02 OM5 3K-6K (8)":{"count":4,"list":"1","min":"4","players":["10","20"]},"02 OM5 5K-5K (6)":{"count":4,"list":"1","min":"4","players":["20","30"]},"03 OM5 5K-10K (8)":{"count":3,"list":"1","min":"4","players":["30","40"]},"04 OM5 10K-20K (8)":{"count":3,"list":"1","min":"4","players":["40","50"]},"05 OM5 15K-30K (8)":{"count":0,"list":"1","min":"4","players":["50","60"]},"06 OM5 20K-40K (8)":{"count":4,"list":"1","min":"4","players":["60","70"]},"08 OM5 50K-50K (6)":{"count":2,"list":"1","min":"6","players":["180","200"]},"02 OM5 3K-6K (8)":{"players":["130","150"],"min":"5","list":"1","count":3},"03 OM5 5K-10K (8)":{"players":["150","170"],"min":"5","list":"1","count":3},"08 OM5 50K-100K (8) - VIP":{"players":["70","110"],"min":"6","list":"1","count":0},"08 OM5 50K-50K (7) - VIP":{"players":["70","110"],"min":"6","list":"1","count":0},"07 OM5 25K-25K (8)":{"players":["100","140"],"min":"6","list":"1","count":4},"04 OM 10K-20K (8)":{"players":["100","200"],"min":"6","list":"1","count":4},"07 OM5 25K-25K (6)":{"players":["50","100"],"min":"6","list":"1","count":0}}},"19":{"Logins":{"max":0,"min":0},"Tables":{"02 OM5 3K-6K (8)":{"count":6,"list":"1","min":"4","players":["10","20"]},"03 OM5 5K-10K (8)":{"count":3,"list":"1","min":"4","players":["20","30"]},"05 OM5 15K-15K (8)":{"count":2,"list":"1","min":"4","players":["30","40"]},"06 OM5 20K-40K (8)":{"count":2,"list":"1","min":"4","players":["40","55"]},"07 OM5 25K-25K (8)":{"players":["100","140"],"min":"6","list":"1","count":5},"08 OM5 50K-100K (8) - VIP":{"players":["100","130"],"min":"5","list":"1","count":3},"08 OM5 50K-50K (8) - VIP":{"count":3,"list":"1","min":"4","players":["105","115"]},"09 OM5 100K-100K (8) - VIP":{"players":["30","60"],"min":"4","list":"1","count":4},"02 OM5 3K-6K (8)":{"players":["130","150"],"min":"5","list":"1","count":4},"03 OM5 5K-10K (8)":{"players":["100","200"],"min":"7","list":"1","count":7},"04 OM 10K-20K (8)":{"players":["100","200"],"min":"6","list":"1","count":5},"07 OM5 25K-25K (6)":{"players":["50","100"],"min":"6","list":"1","count":0}}},"20":{"Logins":{"max":0,"min":0},"Tables":{"02 OM5 3K-6K (8)":{"count":4,"list":"1","min":"4","players":["10","20"]},"04 OM5 10K-10K (8)":{"count":3,"list":"1","min":"4","players":["30","40"]},"04 OM5 10K-20K (8)":{"count":3,"list":"1","min":"4","players":["40","50"]},"05 OM5 15K-30K (8)":{"count":0,"list":"1","min":"4","players":["50","60"]},"06 OM5 20K-40K (8)":{"count":3,"list":"1","min":"4","players":["60","70"]},"07 OM5 25K-50K (8)":{"count":3,"list":"1","min":"4","players":["80","90"]},"08 OM5 50K-100K (8) - VIP":{"count":0,"list":"1","min":"4","players":["90","105"]},"09 OM5 100K-100K (8) - VIP":{"players":["30","60"],"min":"4","list":"1","count":3},"02 OM5 3K-6K (8)":{"players":["130","150"],"min":"5","list":"1","count":4},"03 OM5 5K-10K (8)":{"players":["100","200"],"min":"7","list":"1","count":5},"08 OM5 50K-50K (7) - VIP":{"players":["70","110"],"min":"6","list":"1","count":0},"07 OM5 25K-25K (8)":{"players":["100","140"],"min":"6","list":"1","count":5},"04 OM 10K-20K (8)":{"players":["100","200"],"min":"6","list":"1","count":5},"07 OM5 25K-25K (6)":{"players":["50","100"],"min":"6","list":"1","count":0}}},"21":{"Logins":{"max":0,"min":0},"Tables":{"03 OM5 5K-10K (8)":{"players":["175","190"],"min":"7","list":"1","count":7},"02 OM5 3K-6K (8)":{"players":["175","200"],"min":"7","list":"1","count":5},"03 OM5 10K-20K (6)":{"players":["160","190"],"min":"5","list":"1","count":4},"05 OM5 15K-15K (8)":{"players":["160","190"],"min":"6","list":"1","count":5},"07 OM5 25K-50K (8)":{"players":["140","180"],"min":"4","list":"1","count":4},"08 OM5 50K-100K (6)":{"players":["120","150"],"min":"3","list":"1","count":0},"07 OM5 25K-25K (6)":{"players":["50","100"],"min":"6","list":"1","count":0},"02 OM5 3K-6K (8)":{"players":["130","150"],"min":"5","list":"1","count":2},"03 OM5 5K-10K (8)":{"players":["100","200"],"min":"7","list":"1","count":4},"08 OM5 50K-100K (8) - VIP":{"players":["70","110"],"min":"6","list":"1","count":0},"08 OM5 50K-50K (7) - VIP":{"players":["70","110"],"min":"6","list":"1","count":0},"07 OM5 25K-25K (8)":{"players":["100","140"],"min":"6","list":"1","count":3},"09 OM5 100K-200K (8) - VIP":{"players":["140","200"],"min":"4","list":"1","count":2},"04 OM 10K-20K (8)":{"players":["100","200"],"min":"6","list":"1","count":6}}},"22":{"Logins":{"max":0,"min":0},"Tables":{"02 OM5 3K-6K (8)":{"count":3,"list":"1","min":"4","players":["10","20"]},"03 OM5 5K-10K (8)":{"count":4,"list":"1","min":"4","players":["20","30"]},"04 OM5 10K-10K (8)":{"count":2,"list":"1","min":"4","players":["30","40"]},"04 OM5 10K-20K (8)":{"count":2,"list":"1","min":"4","players":["40","50"]},"05 OM5 15K-15K (8)":{"count":3,"list":"1","min":"4","players":["50","60"]},"05 OM5 15K-30K (8)":{"count":4,"list":"1","min":"4","players":["60","70"]},"06 OM5 20K-40K (8)":{"count":2,"list":"1","min":"4","players":["70","80"]},"07 OM5 25K-25K (8)":{"players":["100","140"],"min":"6","list":"1","count":6},"02 OM5 3K-6K (8)":{"players":["130","150"],"min":"5","list":"1","count":6},"03 OM5 5K-10K (8)":{"players":["150","170"],"min":"5","list":"1","count":5},"08 OM5 50K-100K (8) - VIP":{"players":["70","110"],"min":"6","list":"1","count":0},"08 OM5 50K-50K (7) - VIP":{"players":["70","110"],"min":"6","list":"1","count":0},"09 OM5 100K-200K (8) - VIP":{"players":["140","200"],"min":"4","list":"1","count":2},"04 OM 10K-20K (8)":{"players":["100","200"],"min":"6","list":"1","count":6},"07 OM5 25K-25K (6)":{"players":["50","100"],"min":"6","list":"1","count":0}}},"23":{"Logins":{"max":0,"min":0},"Tables":{"03 OM5 5K-10K (8)":{"count":2,"list":"1","min":"4","players":["20","30"]},"04 OM5 10K-10K (8)":{"count":3,"list":"1","max":4,"min":3,"players":[1,25]},"04 OM5 10K-20K (8)":{"count":3,"list":"1","min":"4","players":["30","40"]},"05 OM5 15K-30K (8)":{"count":3,"list":"1","min":"4","players":["40","50"]},"06 OM5 20K-40K (8)":{"count":0,"list":"1","min":"4","players":["50","60"]},"07 OM5 25K-50K (8)":{"count":0,"list":"1","min":"4","players":["60","70"]},"02 OM5 3K-6K (8)":{"players":["1","20"],"min":"7","list":"1","count":2},"02 OM5 3K-6K (8)":{"players":["130","150"],"min":"5","list":"1","count":4},"03 OM5 5K-10K (8)":{"players":["150","170"],"min":"5","list":"1","count":0},"08 OM5 50K-100K (8) - VIP":{"players":["70","110"],"min":"6","list":"1","count":0},"08 OM5 50K-50K (7) - VIP":{"players":["70","110"],"min":"6","list":"1","count":0},"09 OM5 100K-200K (8) - VIP":{"players":["140","200"],"min":"4","list":"1","count":3},"04 OM 10K-20K (8)":{"players":["100","200"],"min":"6","list":"1","count":5},"07 OM5 25K-25K (6)":{"players":["50","100"],"min":"6","list":"1","count":0}}},"24":{"Logins":{"max":0,"min":0},"Tables":{"04 OM5 10K-20K (8)":{"list":"1","max":4,"min":3,"players":[1,25]},"05 OM5 15K-15K (8)":{"list":"1","max":4,"min":3,"players":[1,20]},"05 OM5 15K-30K (8)":{"list":"1","max":4,"min":3,"players":[5,25]},"07 OM5 25K-50K (8)":{"list":"1","max":4,"min":3,"players":[20,40]},"08 OM5 50K-100K (8) - VIP":{"list":"1","max":4,"min":4,"players":[30,60]},"08 OM5 50K-50K (6)":{"list":"1","max":4,"min":3,"players":[20,70]},"09 OM5 100K-200K (8) - VIP":{"list":"1","max":4,"min":3,"players":[40,70]}}}},"Settings":{"checkTime":10,"durationTime":30,"maxHands":100,"maxTimes":60,"minHands":40,"minRebuys":2,"minTimes":30,"preRebuy":40,"rebuyDecide":90,"rebuyTime":[1,1],"runItTwice":50,"sitoutLeft":5,"sitoutPercent":95,"startButton":80,"waitToLeave":[4,6],"waitToLogout":[20,40],"waitToSeat":[1,4],"waitToSitout":[3,5]},"TourBots":[],"Tournaments":{}}